<skeleton >
  <bones >
    <bone id="0" name="hand.R.control" >
      <position z="2.108020" x="-4.977110" y="-3.084931" />
      <rotation angle="0.602605" >
        <axis z="0.206093" x="-0.952527" y="-0.224096" />
      </rotation>
    </bone>
    <bone id="1" name="hand.R" >
      <position z="-0.000000" x="-0.000000" y="0.000000" />
      <rotation angle="2.664433" >
        <axis z="0.495398" x="0.868233" y="-0.027432" />
      </rotation>
    </bone>
    <bone id="2" name="palm_pinky.R" >
      <position z="-0.049845" x="-0.256826" y="0.403849" />
      <rotation angle="0.460380" >
        <axis z="0.762904" x="-0.382024" y="-0.521570" />
      </rotation>
    </bone>
    <bone id="3" name="f_pinky.01.R" >
      <position z="0.000000" x="-0.000000" y="0.575424" />
      <rotation angle="0.330975" >
        <axis z="0.013367" x="0.999912" y="-0.000288" />
      </rotation>
    </bone>
    <bone id="4" name="f_pinky.02.R" >
      <position z="0.000000" x="0.000000" y="0.255126" />
      <rotation angle="0.136077" >
        <axis z="-0.096143" x="0.993391" y="0.062708" />
      </rotation>
    </bone>
    <bone id="5" name="f_pinky.03.R" >
      <position z="-0.000000" x="0.000000" y="0.168564" />
      <rotation angle="0.039002" >
        <axis z="0.619769" x="0.701906" y="-0.351281" />
      </rotation>
    </bone>
    <bone id="6" name="palm_middle.R" >
      <position z="-0.046479" x="-0.010701" y="0.373211" />
      <rotation angle="0.087968" >
        <axis z="0.026768" x="-0.986298" y="0.162772" />
      </rotation>
    </bone>
    <bone id="7" name="f_middle.01.R" >
      <position z="0.000000" x="0.000000" y="0.763292" />
      <rotation angle="0.170116" >
        <axis z="0.903761" x="0.389660" y="0.177165" />
      </rotation>
    </bone>
    <bone id="8" name="f_middle.02.R" >
      <position z="-0.000000" x="0.000000" y="0.377885" />
      <rotation angle="0.200169" >
        <axis z="-0.058475" x="0.997856" y="0.029356" />
      </rotation>
    </bone>
    <bone id="9" name="f_middle.03.R" >
      <position z="-0.000000" x="-0.000000" y="0.296226" />
      <rotation angle="0.026966" >
        <axis z="0.912856" x="-0.232354" y="-0.336087" />
      </rotation>
    </bone>
    <bone id="10" name="palm_ring.R" >
      <position z="-0.043227" x="-0.168807" y="0.382275" />
      <rotation angle="0.205491" >
        <axis z="0.457963" x="-0.851344" y="-0.255887" />
      </rotation>
    </bone>
    <bone id="11" name="f_ring.01.R" >
      <position z="0.000000" x="0.000000" y="0.679308" />
      <rotation angle="0.263411" >
        <axis z="0.846899" x="0.472033" y="0.244846" />
      </rotation>
    </bone>
    <bone id="12" name="f_ring.02.R" >
      <position z="0.000000" x="0.000000" y="0.333693" />
      <rotation angle="0.219800" >
        <axis z="-0.116103" x="0.992526" y="0.037617" />
      </rotation>
    </bone>
    <bone id="13" name="f_ring.03.R" >
      <position z="-0.000000" x="-0.000000" y="0.280970" />
      <rotation angle="0.055128" >
        <axis z="0.934932" x="-0.304061" y="-0.183271" />
      </rotation>
    </bone>
    <bone id="14" name="thumb.01.R" >
      <position z="-0.012060" x="0.269855" y="0.429866" />
      <rotation angle="1.592242" >
        <axis z="-0.626362" x="0.217813" y="-0.748484" />
      </rotation>
    </bone>
    <bone id="15" name="thumb.02.R" >
      <position z="0.000000" x="0.000000" y="0.354347" />
      <rotation angle="0.487522" >
        <axis z="0.795970" x="0.172488" y="-0.580243" />
      </rotation>
    </bone>
    <bone id="16" name="thumb.03.R" >
      <position z="0.000000" x="-0.000000" y="0.425624" />
      <rotation angle="0.075582" >
        <axis z="-0.092056" x="0.961625" y="0.258442" />
      </rotation>
    </bone>
    <bone id="17" name="palm_index.R" >
      <position z="-0.004425" x="0.113912" y="0.353666" />
      <rotation angle="0.443465" >
        <axis z="-0.407225" x="-0.296590" y="-0.863831" />
      </rotation>
    </bone>
    <bone id="18" name="f_index.01.R" >
      <position z="0.000000" x="0.000001" y="0.817197" />
      <rotation angle="0.193388" >
        <axis z="0.072978" x="0.994432" y="-0.076148" />
      </rotation>
    </bone>
    <bone id="19" name="f_index.02.R" >
      <position z="0.000001" x="0.000000" y="0.298813" />
      <rotation angle="0.200809" >
        <axis z="0.015088" x="0.999095" y="-0.039823" />
      </rotation>
    </bone>
    <bone id="20" name="f_index.03.R" >
      <position z="0.000000" x="0.000000" y="0.268223" />
      <rotation angle="0.036755" >
        <axis z="-0.209326" x="0.889050" y="0.407218" />
      </rotation>
    </bone>
    <bone id="21" name="hand.L.control" >
      <position z="2.108020" x="4.977110" y="-3.084931" />
      <rotation angle="0.597010" >
        <axis z="-0.176850" x="-0.984061" y="-0.018669" />
      </rotation>
    </bone>
    <bone id="22" name="hand.L" >
      <position z="0.000000" x="0.000000" y="0.000000" />
      <rotation angle="2.661927" >
        <axis z="-0.553608" x="0.830862" y="0.056454" />
      </rotation>
    </bone>
    <bone id="23" name="palm_pinky.L" >
      <position z="-0.058388" x="0.227523" y="0.403200" />
      <rotation angle="0.489770" >
        <axis z="-0.811222" x="-0.310531" y="0.495470" />
      </rotation>
    </bone>
    <bone id="24" name="f_pinky.01.L" >
      <position z="-0.000000" x="0.000000" y="0.584285" />
      <rotation angle="0.305941" >
        <axis z="0.128154" x="0.991670" y="-0.012943" />
      </rotation>
    </bone>
    <bone id="25" name="f_pinky.02.L" >
      <position z="-0.000000" x="-0.000000" y="0.255125" />
      <rotation angle="0.136077" >
        <axis z="0.096143" x="0.993391" y="-0.062708" />
      </rotation>
    </bone>
    <bone id="26" name="f_pinky.03.L" >
      <position z="-0.000000" x="0.000000" y="0.168564" />
      <rotation angle="0.039008" >
        <axis z="-0.619672" x="0.701796" y="0.351225" />
      </rotation>
    </bone>
    <bone id="27" name="palm_index.L" >
      <position z="-0.004425" x="-0.113912" y="0.353665" />
      <rotation angle="0.443465" >
        <axis z="0.407225" x="-0.296590" y="0.863831" />
      </rotation>
    </bone>
    <bone id="28" name="f_index.01.L" >
      <position z="-0.000000" x="-0.000000" y="0.817198" />
      <rotation angle="0.193388" >
        <axis z="-0.072978" x="0.994432" y="0.076148" />
      </rotation>
    </bone>
    <bone id="29" name="f_index.02.L" >
      <position z="0.000000" x="-0.000000" y="0.298813" />
      <rotation angle="0.200810" >
        <axis z="-0.015088" x="0.999089" y="0.039823" />
      </rotation>
    </bone>
    <bone id="30" name="f_index.03.L" >
      <position z="-0.000000" x="-0.000000" y="0.268222" />
      <rotation angle="0.036748" >
        <axis z="0.209363" x="0.889207" y="-0.407292" />
      </rotation>
    </bone>
    <bone id="31" name="palm_ring.L" >
      <position z="-0.050203" x="0.136342" y="0.380621" />
      <rotation angle="0.217434" >
        <axis z="-0.641124" x="-0.754781" y="0.138811" />
      </rotation>
    </bone>
    <bone id="32" name="f_ring.01.L" >
      <position z="0.000000" x="0.000000" y="0.683388" />
      <rotation angle="0.213812" >
        <axis z="-0.828371" x="0.518555" y="-0.211910" />
      </rotation>
    </bone>
    <bone id="33" name="f_ring.02.L" >
      <position z="-0.000001" x="0.000000" y="0.333692" />
      <rotation angle="0.219800" >
        <axis z="0.116103" x="0.992526" y="-0.037617" />
      </rotation>
    </bone>
    <bone id="34" name="f_ring.03.L" >
      <position z="0.000000" x="0.000000" y="0.280971" />
      <rotation angle="0.055132" >
        <axis z="-0.934858" x="-0.304037" y="0.183256" />
      </rotation>
    </bone>
    <bone id="35" name="palm_middle.L" >
      <position z="-0.046478" x="0.010701" y="0.373211" />
      <rotation angle="0.087966" >
        <axis z="-0.026769" x="-0.986328" y="-0.162775" />
      </rotation>
    </bone>
    <bone id="36" name="f_middle.01.L" >
      <position z="0.000000" x="-0.000001" y="0.763292" />
      <rotation angle="0.170116" >
        <axis z="-0.903762" x="0.389660" y="-0.177164" />
      </rotation>
    </bone>
    <bone id="37" name="f_middle.02.L" >
      <position z="0.000000" x="0.000000" y="0.377885" />
      <rotation angle="0.200169" >
        <axis z="0.058475" x="0.997857" y="-0.029356" />
      </rotation>
    </bone>
    <bone id="38" name="f_middle.03.L" >
      <position z="0.000000" x="-0.000000" y="0.296226" />
      <rotation angle="0.026966" >
        <axis z="-0.912858" x="-0.232354" y="0.336087" />
      </rotation>
    </bone>
    <bone id="39" name="thumb.01.L" >
      <position z="-0.012060" x="-0.269855" y="0.429866" />
      <rotation angle="1.592631" >
        <axis z="0.626299" x="0.217609" y="0.748596" />
      </rotation>
    </bone>
    <bone id="40" name="thumb.02.L" >
      <position z="0.000000" x="0.000000" y="0.354347" />
      <rotation angle="0.487319" >
        <axis z="-0.796235" x="0.172833" y="0.579774" />
      </rotation>
    </bone>
    <bone id="41" name="thumb.03.L" >
      <position z="0.000000" x="0.000000" y="0.425624" />
      <rotation angle="0.075589" >
        <axis z="0.092198" x="0.961530" y="-0.258818" />
      </rotation>
    </bone>
    <bone id="42" name="clavicle.R" >
      <position z="0.572252" x="-0.235341" y="0.457869" />
      <rotation angle="1.837725" >
        <axis z="0.598817" x="-0.531824" y="0.598817" />
      </rotation>
    </bone>
    <bone id="43" name="deltoid.R" >
      <position z="0.000000" x="-0.000000" y="1.137838" />
      <rotation angle="1.187628" >
        <axis z="-0.440713" x="-0.696934" y="0.565735" />
      </rotation>
    </bone>
    <bone id="44" name="upper_arm.R" >
      <position z="-0.000000" x="-0.000000" y="0.821800" />
      <rotation angle="2.261037" >
        <axis z="0.196206" x="0.013937" y="-0.980464" />
      </rotation>
    </bone>
    <bone id="45" name="forearm.R" >
      <position z="0.000000" x="-0.000000" y="2.591900" />
      <rotation angle="0.811557" >
        <axis z="-0.000001" x="1.000000" y="-0.000006" />
      </rotation>
    </bone>
    <bone id="46" name="clavicle.L" >
      <position z="0.572252" x="0.235341" y="0.457869" />
      <rotation angle="1.837725" >
        <axis z="-0.598817" x="-0.531824" y="-0.598817" />
      </rotation>
    </bone>
    <bone id="47" name="deltoid.L" >
      <position z="0.000000" x="0.000000" y="1.137838" />
      <rotation angle="1.187628" >
        <axis z="0.440713" x="-0.696934" y="-0.565735" />
      </rotation>
    </bone>
    <bone id="48" name="upper_arm.L" >
      <position z="-0.000000" x="0.000000" y="0.821800" />
      <rotation angle="2.261037" >
        <axis z="-0.196206" x="0.013937" y="0.980464" />
      </rotation>
    </bone>
    <bone id="49" name="forearm.L" >
      <position z="0.000000" x="0.000000" y="2.591900" />
      <rotation angle="0.811557" >
        <axis z="0.000001" x="1.000000" y="0.000006" />
      </rotation>
    </bone>
  </bones>
  <bonehierarchy >
    <boneparent bone="hand.R" parent="hand.R.control" />
    <boneparent bone="palm_pinky.R" parent="hand.R" />
    <boneparent bone="f_pinky.01.R" parent="palm_pinky.R" />
    <boneparent bone="f_pinky.02.R" parent="f_pinky.01.R" />
    <boneparent bone="f_pinky.03.R" parent="f_pinky.02.R" />
    <boneparent bone="palm_middle.R" parent="hand.R" />
    <boneparent bone="f_middle.01.R" parent="palm_middle.R" />
    <boneparent bone="f_middle.02.R" parent="f_middle.01.R" />
    <boneparent bone="f_middle.03.R" parent="f_middle.02.R" />
    <boneparent bone="palm_ring.R" parent="hand.R" />
    <boneparent bone="f_ring.01.R" parent="palm_ring.R" />
    <boneparent bone="f_ring.02.R" parent="f_ring.01.R" />
    <boneparent bone="f_ring.03.R" parent="f_ring.02.R" />
    <boneparent bone="thumb.01.R" parent="hand.R" />
    <boneparent bone="thumb.02.R" parent="thumb.01.R" />
    <boneparent bone="thumb.03.R" parent="thumb.02.R" />
    <boneparent bone="palm_index.R" parent="hand.R" />
    <boneparent bone="f_index.01.R" parent="palm_index.R" />
    <boneparent bone="f_index.02.R" parent="f_index.01.R" />
    <boneparent bone="f_index.03.R" parent="f_index.02.R" />
    <boneparent bone="hand.L" parent="hand.L.control" />
    <boneparent bone="palm_pinky.L" parent="hand.L" />
    <boneparent bone="f_pinky.01.L" parent="palm_pinky.L" />
    <boneparent bone="f_pinky.02.L" parent="f_pinky.01.L" />
    <boneparent bone="f_pinky.03.L" parent="f_pinky.02.L" />
    <boneparent bone="palm_index.L" parent="hand.L" />
    <boneparent bone="f_index.01.L" parent="palm_index.L" />
    <boneparent bone="f_index.02.L" parent="f_index.01.L" />
    <boneparent bone="f_index.03.L" parent="f_index.02.L" />
    <boneparent bone="palm_ring.L" parent="hand.L" />
    <boneparent bone="f_ring.01.L" parent="palm_ring.L" />
    <boneparent bone="f_ring.02.L" parent="f_ring.01.L" />
    <boneparent bone="f_ring.03.L" parent="f_ring.02.L" />
    <boneparent bone="palm_middle.L" parent="hand.L" />
    <boneparent bone="f_middle.01.L" parent="palm_middle.L" />
    <boneparent bone="f_middle.02.L" parent="f_middle.01.L" />
    <boneparent bone="f_middle.03.L" parent="f_middle.02.L" />
    <boneparent bone="thumb.01.L" parent="hand.L" />
    <boneparent bone="thumb.02.L" parent="thumb.01.L" />
    <boneparent bone="thumb.03.L" parent="thumb.02.L" />
    <boneparent bone="deltoid.R" parent="clavicle.R" />
    <boneparent bone="upper_arm.R" parent="deltoid.R" />
    <boneparent bone="forearm.R" parent="upper_arm.R" />
    <boneparent bone="deltoid.L" parent="clavicle.L" />
    <boneparent bone="upper_arm.L" parent="deltoid.L" />
    <boneparent bone="forearm.L" parent="upper_arm.L" />
  </bonehierarchy>
  <animations >
    <animation length="0.041666666666666664" name="T-Pose" >
      <tracks >
        <track bone="hand.R.control" >
          <keyframes >
            <keyframe time="0.0" >
              <translate z="0.000000" x="0.000000" y="0.000000" />
              <rotate angle="0.000000" >
                <axis z="-0.000000" x="0.000000" y="-0.000000" />
              </rotate>
              <scale z="1.000000" x="1.000000" y="1.000000" />
            </keyframe>
            <keyframe time="0.041666666666666664" >
              <translate z="0.000000" x="0.000000" y="0.000000" />
              <rotate angle="0.000000" >
                <axis z="-0.000000" x="0.000000" y="-0.000000" />
              </rotate>
              <scale z="1.000000" x="1.000000" y="1.000000" />
            </keyframe>
          </keyframes>
        </track>
        <track bone="hand.R" >
          <keyframes >
            <keyframe time="0.0" >
              <translate z="0.000000" x="0.000000" y="0.000000" />
              <rotate angle="0.000000" >
                <axis z="-0.000000" x="-0.000000" y="0.000000" />
              </rotate>
              <scale z="1.000000" x="1.000000" y="1.000000" />
            </keyframe>
            <keyframe time="0.041666666666666664" >
              <translate z="0.000000" x="0.000000" y="0.000000" />
              <rotate angle="0.000000" >
                <axis z="-0.000000" x="-0.000000" y="0.000000" />
              </rotate>
              <scale z="1.000000" x="1.000000" y="1.000000" />
            </keyframe>
          </keyframes>
        </track>
        <track bone="palm_pinky.R" >
          <keyframes >
            <keyframe time="0.0" >
              <translate z="0.000001" x="0.000000" y="0.000000" />
              <rotate angle="0.000000" >
                <axis z="0.000000" x="0.000000" y="0.000000" />
              </rotate>
              <scale z="0.999999" x="1.000000" y="1.000000" />
            </keyframe>
            <keyframe time="0.041666666666666664" >
              <translate z="0.000001" x="0.000000" y="0.000000" />
              <rotate angle="0.000000" >
                <axis z="0.000000" x="0.000000" y="0.000000" />
              </rotate>
              <scale z="0.999999" x="1.000000" y="1.000000" />
            </keyframe>
          </keyframes>
        </track>
        <track bone="f_pinky.01.R" >
          <keyframes >
            <keyframe time="0.0" >
              <translate z="0.000000" x="0.000000" y="0.000001" />
              <rotate angle="0.000000" >
                <axis z="-0.000000" x="0.000000" y="-0.000000" />
              </rotate>
              <scale z="1.000000" x="1.000000" y="1.000000" />
            </keyframe>
            <keyframe time="0.041666666666666664" >
              <translate z="0.000000" x="0.000000" y="0.000001" />
              <rotate angle="0.000000" >
                <axis z="-0.000000" x="0.000000" y="-0.000000" />
              </rotate>
              <scale z="1.000000" x="1.000000" y="1.000000" />
            </keyframe>
          </keyframes>
        </track>
        <track bone="f_pinky.02.R" >
          <keyframes >
            <keyframe time="0.0" >
              <translate z="-0.000001" x="0.000000" y="-0.000001" />
              <rotate angle="0.000000" >
                <axis z="-0.000000" x="0.000000" y="0.000000" />
              </rotate>
              <scale z="1.000000" x="1.000000" y="1.000000" />
            </keyframe>
            <keyframe time="0.041666666666666664" >
              <translate z="-0.000001" x="0.000000" y="-0.000001" />
              <rotate angle="0.000000" >
                <axis z="-0.000000" x="0.000000" y="0.000000" />
              </rotate>
              <scale z="1.000000" x="1.000000" y="1.000000" />
            </keyframe>
          </keyframes>
        </track>
        <track bone="f_pinky.03.R" >
          <keyframes >
            <keyframe time="0.0" >
              <translate z="0.000001" x="0.000000" y="0.000001" />
              <rotate angle="0.000000" >
                <axis z="-0.000000" x="0.000000" y="0.000000" />
              </rotate>
              <scale z="1.000000" x="1.000000" y="1.000000" />
            </keyframe>
            <keyframe time="0.041666666666666664" >
              <translate z="0.000001" x="0.000000" y="0.000001" />
              <rotate angle="0.000000" >
                <axis z="-0.000000" x="0.000000" y="0.000000" />
              </rotate>
              <scale z="1.000000" x="1.000000" y="1.000000" />
            </keyframe>
          </keyframes>
        </track>
        <track bone="palm_middle.R" >
          <keyframes >
            <keyframe time="0.0" >
              <translate z="0.000001" x="0.000000" y="-0.000000" />
              <rotate angle="0.000000" >
                <axis z="0.000000" x="-0.000000" y="-0.000000" />
              </rotate>
              <scale z="0.999999" x="1.000000" y="1.000000" />
            </keyframe>
            <keyframe time="0.041666666666666664" >
              <translate z="0.000001" x="0.000000" y="-0.000000" />
              <rotate angle="0.000000" >
                <axis z="0.000000" x="-0.000000" y="-0.000000" />
              </rotate>
              <scale z="0.999999" x="1.000000" y="1.000000" />
            </keyframe>
          </keyframes>
        </track>
        <track bone="f_middle.01.R" >
          <keyframes >
            <keyframe time="0.0" >
              <translate z="-0.000000" x="0.000000" y="-0.000000" />
              <rotate angle="0.000000" >
                <axis z="-0.000000" x="0.000000" y="-0.000000" />
              </rotate>
              <scale z="1.000000" x="1.000000" y="1.000000" />
            </keyframe>
            <keyframe time="0.041666666666666664" >
              <translate z="-0.000000" x="0.000000" y="-0.000000" />
              <rotate angle="0.000000" >
                <axis z="-0.000000" x="0.000000" y="-0.000000" />
              </rotate>
              <scale z="1.000000" x="1.000000" y="1.000000" />
            </keyframe>
          </keyframes>
        </track>
        <track bone="f_middle.02.R" >
          <keyframes >
            <keyframe time="0.0" >
              <translate z="-0.000000" x="-0.000000" y="0.000000" />
              <rotate angle="0.000000" >
                <axis z="-0.000000" x="0.000000" y="0.000000" />
              </rotate>
              <scale z="1.000000" x="1.000000" y="1.000000" />
            </keyframe>
            <keyframe time="0.041666666666666664" >
              <translate z="-0.000000" x="-0.000000" y="0.000000" />
              <rotate angle="0.000000" >
                <axis z="-0.000000" x="0.000000" y="0.000000" />
              </rotate>
              <scale z="1.000000" x="1.000000" y="1.000000" />
            </keyframe>
          </keyframes>
        </track>
        <track bone="f_middle.03.R" >
          <keyframes >
            <keyframe time="0.0" >
              <translate z="0.000001" x="0.000000" y="0.000000" />
              <rotate angle="0.000000" >
                <axis z="-0.000000" x="-0.000000" y="-0.000000" />
              </rotate>
              <scale z="1.000000" x="1.000000" y="1.000000" />
            </keyframe>
            <keyframe time="0.041666666666666664" >
              <translate z="0.000001" x="0.000000" y="0.000000" />
              <rotate angle="0.000000" >
                <axis z="-0.000000" x="-0.000000" y="-0.000000" />
              </rotate>
              <scale z="1.000000" x="1.000000" y="1.000000" />
            </keyframe>
          </keyframes>
        </track>
        <track bone="palm_ring.R" >
          <keyframes >
            <keyframe time="0.0" >
              <translate z="0.000000" x="0.000000" y="0.000000" />
              <rotate angle="0.000000" >
                <axis z="-0.000000" x="-0.000000" y="-0.000000" />
              </rotate>
              <scale z="0.999999" x="1.000000" y="1.000000" />
            </keyframe>
            <keyframe time="0.041666666666666664" >
              <translate z="0.000000" x="0.000000" y="0.000000" />
              <rotate angle="0.000000" >
                <axis z="-0.000000" x="-0.000000" y="-0.000000" />
              </rotate>
              <scale z="0.999999" x="1.000000" y="1.000000" />
            </keyframe>
          </keyframes>
        </track>
        <track bone="f_ring.01.R" >
          <keyframes >
            <keyframe time="0.0" >
              <translate z="0.000000" x="0.000000" y="0.000000" />
              <rotate angle="0.000000" >
                <axis z="0.000000" x="0.000000" y="0.000000" />
              </rotate>
              <scale z="1.000000" x="1.000000" y="1.000000" />
            </keyframe>
            <keyframe time="0.041666666666666664" >
              <translate z="0.000000" x="0.000000" y="0.000000" />
              <rotate angle="0.000000" >
                <axis z="0.000000" x="0.000000" y="0.000000" />
              </rotate>
              <scale z="1.000000" x="1.000000" y="1.000000" />
            </keyframe>
          </keyframes>
        </track>
        <track bone="f_ring.02.R" >
          <keyframes >
            <keyframe time="0.0" >
              <translate z="-0.000000" x="-0.000000" y="0.000000" />
              <rotate angle="0.000000" >
                <axis z="0.000000" x="-0.000000" y="-0.000000" />
              </rotate>
              <scale z="1.000000" x="1.000000" y="1.000000" />
            </keyframe>
            <keyframe time="0.041666666666666664" >
              <translate z="-0.000000" x="-0.000000" y="0.000000" />
              <rotate angle="0.000000" >
                <axis z="0.000000" x="-0.000000" y="-0.000000" />
              </rotate>
              <scale z="1.000000" x="1.000000" y="1.000000" />
            </keyframe>
          </keyframes>
        </track>
        <track bone="f_ring.03.R" >
          <keyframes >
            <keyframe time="0.0" >
              <translate z="0.000000" x="0.000000" y="0.000000" />
              <rotate angle="0.000000" >
                <axis z="0.000000" x="-0.000000" y="0.000000" />
              </rotate>
              <scale z="1.000000" x="1.000000" y="1.000000" />
            </keyframe>
            <keyframe time="0.041666666666666664" >
              <translate z="0.000000" x="0.000000" y="0.000000" />
              <rotate angle="0.000000" >
                <axis z="0.000000" x="-0.000000" y="0.000000" />
              </rotate>
              <scale z="1.000000" x="1.000000" y="1.000000" />
            </keyframe>
          </keyframes>
        </track>
        <track bone="thumb.01.R" >
          <keyframes >
            <keyframe time="0.0" >
              <translate z="0.000001" x="0.000000" y="0.000000" />
              <rotate angle="0.000000" >
                <axis z="0.000000" x="0.000000" y="-0.000000" />
              </rotate>
              <scale z="0.999999" x="1.000000" y="0.999999" />
            </keyframe>
            <keyframe time="0.041666666666666664" >
              <translate z="0.000001" x="0.000000" y="0.000000" />
              <rotate angle="0.000000" >
                <axis z="0.000000" x="0.000000" y="-0.000000" />
              </rotate>
              <scale z="0.999999" x="1.000000" y="0.999999" />
            </keyframe>
          </keyframes>
        </track>
        <track bone="thumb.02.R" >
          <keyframes >
            <keyframe time="0.0" >
              <translate z="-0.000000" x="-0.000001" y="-0.000000" />
              <rotate angle="0.000000" >
                <axis z="-0.000000" x="0.000000" y="0.000000" />
              </rotate>
              <scale z="1.000000" x="1.000000" y="1.000000" />
            </keyframe>
            <keyframe time="0.041666666666666664" >
              <translate z="-0.000000" x="-0.000001" y="-0.000000" />
              <rotate angle="0.000000" >
                <axis z="-0.000000" x="0.000000" y="0.000000" />
              </rotate>
              <scale z="1.000000" x="1.000000" y="1.000000" />
            </keyframe>
          </keyframes>
        </track>
        <track bone="thumb.03.R" >
          <keyframes >
            <keyframe time="0.0" >
              <translate z="-0.000000" x="0.000000" y="-0.000001" />
              <rotate angle="0.000000" >
                <axis z="0.000000" x="-0.000000" y="0.000000" />
              </rotate>
              <scale z="1.000000" x="1.000000" y="1.000000" />
            </keyframe>
            <keyframe time="0.041666666666666664" >
              <translate z="-0.000000" x="0.000000" y="-0.000001" />
              <rotate angle="0.000000" >
                <axis z="0.000000" x="-0.000000" y="0.000000" />
              </rotate>
              <scale z="1.000000" x="1.000000" y="1.000000" />
            </keyframe>
          </keyframes>
        </track>
        <track bone="palm_index.R" >
          <keyframes >
            <keyframe time="0.0" >
              <translate z="0.000001" x="0.000000" y="-0.000000" />
              <rotate angle="0.000000" >
                <axis z="-0.000000" x="0.000000" y="0.000000" />
              </rotate>
              <scale z="0.999999" x="1.000000" y="1.000000" />
            </keyframe>
            <keyframe time="0.041666666666666664" >
              <translate z="0.000001" x="0.000000" y="-0.000000" />
              <rotate angle="0.000000" >
                <axis z="-0.000000" x="0.000000" y="0.000000" />
              </rotate>
              <scale z="0.999999" x="1.000000" y="1.000000" />
            </keyframe>
          </keyframes>
        </track>
        <track bone="f_index.01.R" >
          <keyframes >
            <keyframe time="0.0" >
              <translate z="-0.000000" x="-0.000001" y="0.000000" />
              <rotate angle="0.000000" >
                <axis z="-0.000000" x="0.000000" y="0.000000" />
              </rotate>
              <scale z="1.000000" x="1.000000" y="1.000000" />
            </keyframe>
            <keyframe time="0.041666666666666664" >
              <translate z="-0.000000" x="-0.000001" y="0.000000" />
              <rotate angle="0.000000" >
                <axis z="-0.000000" x="0.000000" y="0.000000" />
              </rotate>
              <scale z="1.000000" x="1.000000" y="1.000000" />
            </keyframe>
          </keyframes>
        </track>
        <track bone="f_index.02.R" >
          <keyframes >
            <keyframe time="0.0" >
              <translate z="-0.000000" x="-0.000001" y="-0.000001" />
              <rotate angle="0.000000" >
                <axis z="0.000000" x="-0.000000" y="-0.000000" />
              </rotate>
              <scale z="1.000000" x="1.000000" y="1.000000" />
            </keyframe>
            <keyframe time="0.041666666666666664" >
              <translate z="-0.000000" x="-0.000001" y="-0.000001" />
              <rotate angle="0.000000" >
                <axis z="0.000000" x="-0.000000" y="-0.000000" />
              </rotate>
              <scale z="1.000000" x="1.000000" y="1.000000" />
            </keyframe>
          </keyframes>
        </track>
        <track bone="f_index.03.R" >
          <keyframes >
            <keyframe time="0.0" >
              <translate z="-0.000000" x="0.000000" y="-0.000001" />
              <rotate angle="0.000000" >
                <axis z="-0.000000" x="-0.000000" y="-0.000000" />
              </rotate>
              <scale z="1.000000" x="1.000000" y="1.000000" />
            </keyframe>
            <keyframe time="0.041666666666666664" >
              <translate z="-0.000000" x="0.000000" y="-0.000001" />
              <rotate angle="0.000000" >
                <axis z="-0.000000" x="-0.000000" y="-0.000000" />
              </rotate>
              <scale z="1.000000" x="1.000000" y="1.000000" />
            </keyframe>
          </keyframes>
        </track>
        <track bone="hand.L.control" >
          <keyframes >
            <keyframe time="0.0" >
              <translate z="0.000000" x="0.000000" y="0.000000" />
              <rotate angle="0.000000" >
                <axis z="-0.000000" x="-0.000000" y="-0.000000" />
              </rotate>
              <scale z="1.000000" x="1.000000" y="1.000000" />
            </keyframe>
            <keyframe time="0.041666666666666664" >
              <translate z="0.000000" x="0.000000" y="0.000000" />
              <rotate angle="0.000000" >
                <axis z="-0.000000" x="-0.000000" y="-0.000000" />
              </rotate>
              <scale z="1.000000" x="1.000000" y="1.000000" />
            </keyframe>
          </keyframes>
        </track>
        <track bone="hand.L" >
          <keyframes >
            <keyframe time="0.0" >
              <translate z="0.000000" x="0.000000" y="0.000000" />
              <rotate angle="0.000000" >
                <axis z="-0.000000" x="0.000000" y="0.000000" />
              </rotate>
              <scale z="1.000000" x="1.000000" y="1.000000" />
            </keyframe>
            <keyframe time="0.041666666666666664" >
              <translate z="0.000000" x="0.000000" y="0.000000" />
              <rotate angle="0.000000" >
                <axis z="-0.000000" x="0.000000" y="0.000000" />
              </rotate>
              <scale z="1.000000" x="1.000000" y="1.000000" />
            </keyframe>
          </keyframes>
        </track>
        <track bone="palm_pinky.L" >
          <keyframes >
            <keyframe time="0.0" >
              <translate z="-0.000001" x="0.000000" y="0.000000" />
              <rotate angle="0.000000" >
                <axis z="-0.000000" x="-0.000000" y="-0.000000" />
              </rotate>
              <scale z="1.000000" x="1.000000" y="1.000000" />
            </keyframe>
            <keyframe time="0.041666666666666664" >
              <translate z="-0.000001" x="0.000000" y="0.000000" />
              <rotate angle="0.000000" >
                <axis z="-0.000000" x="-0.000000" y="-0.000000" />
              </rotate>
              <scale z="1.000000" x="1.000000" y="1.000000" />
            </keyframe>
          </keyframes>
        </track>
        <track bone="f_pinky.01.L" >
          <keyframes >
            <keyframe time="0.0" >
              <translate z="0.000000" x="-0.000000" y="0.000000" />
              <rotate angle="0.000000" >
                <axis z="-0.000000" x="0.000000" y="-0.000000" />
              </rotate>
              <scale z="1.000000" x="1.000000" y="1.000000" />
            </keyframe>
            <keyframe time="0.041666666666666664" >
              <translate z="0.000000" x="-0.000000" y="0.000000" />
              <rotate angle="0.000000" >
                <axis z="-0.000000" x="0.000000" y="-0.000000" />
              </rotate>
              <scale z="1.000000" x="1.000000" y="1.000000" />
            </keyframe>
          </keyframes>
        </track>
        <track bone="f_pinky.02.L" >
          <keyframes >
            <keyframe time="0.0" >
              <translate z="0.000000" x="0.000000" y="0.000000" />
              <rotate angle="0.000000" >
                <axis z="-0.000000" x="-0.000000" y="-0.000000" />
              </rotate>
              <scale z="1.000000" x="1.000000" y="1.000000" />
            </keyframe>
            <keyframe time="0.041666666666666664" >
              <translate z="0.000000" x="0.000000" y="0.000000" />
              <rotate angle="0.000000" >
                <axis z="-0.000000" x="-0.000000" y="-0.000000" />
              </rotate>
              <scale z="1.000000" x="1.000000" y="1.000000" />
            </keyframe>
          </keyframes>
        </track>
        <track bone="f_pinky.03.L" >
          <keyframes >
            <keyframe time="0.0" >
              <translate z="0.000001" x="-0.000000" y="0.000000" />
              <rotate angle="0.000000" >
                <axis z="0.000000" x="-0.000000" y="-0.000000" />
              </rotate>
              <scale z="1.000000" x="1.000000" y="1.000000" />
            </keyframe>
            <keyframe time="0.041666666666666664" >
              <translate z="0.000001" x="-0.000000" y="0.000000" />
              <rotate angle="0.000000" >
                <axis z="0.000000" x="-0.000000" y="-0.000000" />
              </rotate>
              <scale z="1.000000" x="1.000000" y="1.000000" />
            </keyframe>
          </keyframes>
        </track>
        <track bone="palm_index.L" >
          <keyframes >
            <keyframe time="0.0" >
              <translate z="-0.000000" x="0.000000" y="0.000000" />
              <rotate angle="0.000000" >
                <axis z="0.000000" x="-0.000000" y="0.000000" />
              </rotate>
              <scale z="1.000000" x="1.000000" y="1.000000" />
            </keyframe>
            <keyframe time="0.041666666666666664" >
              <translate z="-0.000000" x="0.000000" y="0.000000" />
              <rotate angle="0.000000" >
                <axis z="0.000000" x="-0.000000" y="0.000000" />
              </rotate>
              <scale z="1.000000" x="1.000000" y="1.000000" />
            </keyframe>
          </keyframes>
        </track>
        <track bone="f_index.01.L" >
          <keyframes >
            <keyframe time="0.0" >
              <translate z="0.000001" x="0.000000" y="0.000000" />
              <rotate angle="0.000000" >
                <axis z="-0.000000" x="0.000000" y="-0.000000" />
              </rotate>
              <scale z="1.000000" x="1.000000" y="1.000000" />
            </keyframe>
            <keyframe time="0.041666666666666664" >
              <translate z="0.000001" x="0.000000" y="0.000000" />
              <rotate angle="0.000000" >
                <axis z="-0.000000" x="0.000000" y="-0.000000" />
              </rotate>
              <scale z="1.000000" x="1.000000" y="1.000000" />
            </keyframe>
          </keyframes>
        </track>
        <track bone="f_index.02.L" >
          <keyframes >
            <keyframe time="0.0" >
              <translate z="0.000000" x="0.000001" y="0.000000" />
              <rotate angle="0.000000" >
                <axis z="-0.000000" x="-0.000000" y="0.000000" />
              </rotate>
              <scale z="1.000000" x="1.000000" y="1.000000" />
            </keyframe>
            <keyframe time="0.041666666666666664" >
              <translate z="0.000000" x="0.000001" y="0.000000" />
              <rotate angle="0.000000" >
                <axis z="-0.000000" x="-0.000000" y="0.000000" />
              </rotate>
              <scale z="1.000000" x="1.000000" y="1.000000" />
            </keyframe>
          </keyframes>
        </track>
        <track bone="f_index.03.L" >
          <keyframes >
            <keyframe time="0.0" >
              <translate z="0.000001" x="0.000001" y="0.000000" />
              <rotate angle="0.000000" >
                <axis z="0.000000" x="-0.000000" y="0.000000" />
              </rotate>
              <scale z="1.000000" x="1.000000" y="1.000000" />
            </keyframe>
            <keyframe time="0.041666666666666664" >
              <translate z="0.000001" x="0.000001" y="0.000000" />
              <rotate angle="0.000000" >
                <axis z="0.000000" x="-0.000000" y="0.000000" />
              </rotate>
              <scale z="1.000000" x="1.000000" y="1.000000" />
            </keyframe>
          </keyframes>
        </track>
        <track bone="palm_ring.L" >
          <keyframes >
            <keyframe time="0.0" >
              <translate z="-0.000001" x="0.000000" y="0.000000" />
              <rotate angle="0.000000" >
                <axis z="-0.000000" x="-0.000000" y="-0.000000" />
              </rotate>
              <scale z="1.000000" x="1.000000" y="1.000000" />
            </keyframe>
            <keyframe time="0.041666666666666664" >
              <translate z="-0.000001" x="0.000000" y="0.000000" />
              <rotate angle="0.000000" >
                <axis z="-0.000000" x="-0.000000" y="-0.000000" />
              </rotate>
              <scale z="1.000000" x="1.000000" y="1.000000" />
            </keyframe>
          </keyframes>
        </track>
        <track bone="f_ring.01.L" >
          <keyframes >
            <keyframe time="0.0" >
              <translate z="-0.000000" x="-0.000000" y="-0.000001" />
              <rotate angle="0.000000" >
                <axis z="0.000000" x="0.000000" y="-0.000000" />
              </rotate>
              <scale z="1.000000" x="1.000000" y="1.000000" />
            </keyframe>
            <keyframe time="0.041666666666666664" >
              <translate z="-0.000000" x="-0.000000" y="-0.000001" />
              <rotate angle="0.000000" >
                <axis z="0.000000" x="0.000000" y="-0.000000" />
              </rotate>
              <scale z="1.000000" x="1.000000" y="1.000000" />
            </keyframe>
          </keyframes>
        </track>
        <track bone="f_ring.02.L" >
          <keyframes >
            <keyframe time="0.0" >
              <translate z="0.000001" x="0.000000" y="0.000002" />
              <rotate angle="0.000000" >
                <axis z="-0.000000" x="0.000000" y="-0.000000" />
              </rotate>
              <scale z="1.000000" x="1.000000" y="1.000000" />
            </keyframe>
            <keyframe time="0.041666666666666664" >
              <translate z="0.000001" x="0.000000" y="0.000002" />
              <rotate angle="0.000000" >
                <axis z="-0.000000" x="0.000000" y="-0.000000" />
              </rotate>
              <scale z="1.000000" x="1.000000" y="1.000000" />
            </keyframe>
          </keyframes>
        </track>
        <track bone="f_ring.03.L" >
          <keyframes >
            <keyframe time="0.0" >
              <translate z="-0.000000" x="-0.000000" y="-0.000001" />
              <rotate angle="0.000000" >
                <axis z="-0.000000" x="0.000000" y="-0.000000" />
              </rotate>
              <scale z="1.000000" x="1.000000" y="1.000000" />
            </keyframe>
            <keyframe time="0.041666666666666664" >
              <translate z="-0.000000" x="-0.000000" y="-0.000001" />
              <rotate angle="0.000000" >
                <axis z="-0.000000" x="0.000000" y="-0.000000" />
              </rotate>
              <scale z="1.000000" x="1.000000" y="1.000000" />
            </keyframe>
          </keyframes>
        </track>
        <track bone="palm_middle.L" >
          <keyframes >
            <keyframe time="0.0" >
              <translate z="-0.000001" x="0.000000" y="0.000000" />
              <rotate angle="0.000000" >
                <axis z="-0.000000" x="-0.000000" y="-0.000000" />
              </rotate>
              <scale z="1.000000" x="1.000000" y="1.000000" />
            </keyframe>
            <keyframe time="0.041666666666666664" >
              <translate z="-0.000001" x="0.000000" y="0.000000" />
              <rotate angle="0.000000" >
                <axis z="-0.000000" x="-0.000000" y="-0.000000" />
              </rotate>
              <scale z="1.000000" x="1.000000" y="1.000000" />
            </keyframe>
          </keyframes>
        </track>
        <track bone="f_middle.01.L" >
          <keyframes >
            <keyframe time="0.0" >
              <translate z="-0.000000" x="0.000001" y="0.000001" />
              <rotate angle="0.000000" >
                <axis z="0.000000" x="-0.000000" y="-0.000000" />
              </rotate>
              <scale z="1.000000" x="1.000000" y="1.000000" />
            </keyframe>
            <keyframe time="0.041666666666666664" >
              <translate z="-0.000000" x="0.000001" y="0.000001" />
              <rotate angle="0.000000" >
                <axis z="0.000000" x="-0.000000" y="-0.000000" />
              </rotate>
              <scale z="1.000000" x="1.000000" y="1.000000" />
            </keyframe>
          </keyframes>
        </track>
        <track bone="f_middle.02.L" >
          <keyframes >
            <keyframe time="0.0" >
              <translate z="0.000000" x="-0.000000" y="-0.000001" />
              <rotate angle="0.000000" >
                <axis z="-0.000000" x="0.000000" y="-0.000000" />
              </rotate>
              <scale z="1.000000" x="1.000000" y="1.000000" />
            </keyframe>
            <keyframe time="0.041666666666666664" >
              <translate z="0.000000" x="-0.000000" y="-0.000001" />
              <rotate angle="0.000000" >
                <axis z="-0.000000" x="0.000000" y="-0.000000" />
              </rotate>
              <scale z="1.000000" x="1.000000" y="1.000000" />
            </keyframe>
          </keyframes>
        </track>
        <track bone="f_middle.03.L" >
          <keyframes >
            <keyframe time="0.0" >
              <translate z="-0.000001" x="0.000000" y="0.000000" />
              <rotate angle="0.000000" >
                <axis z="0.000000" x="0.000000" y="-0.000000" />
              </rotate>
              <scale z="1.000000" x="1.000000" y="1.000000" />
            </keyframe>
            <keyframe time="0.041666666666666664" >
              <translate z="-0.000001" x="0.000000" y="0.000000" />
              <rotate angle="0.000000" >
                <axis z="0.000000" x="0.000000" y="-0.000000" />
              </rotate>
              <scale z="1.000000" x="1.000000" y="1.000000" />
            </keyframe>
          </keyframes>
        </track>
        <track bone="thumb.01.L" >
          <keyframes >
            <keyframe time="0.0" >
              <translate z="-0.000000" x="0.000000" y="0.000000" />
              <rotate angle="0.000000" >
                <axis z="-0.000000" x="-0.000000" y="0.000000" />
              </rotate>
              <scale z="1.000000" x="1.000000" y="1.000000" />
            </keyframe>
            <keyframe time="0.041666666666666664" >
              <translate z="-0.000000" x="0.000000" y="0.000000" />
              <rotate angle="0.000000" >
                <axis z="-0.000000" x="-0.000000" y="0.000000" />
              </rotate>
              <scale z="1.000000" x="1.000000" y="1.000000" />
            </keyframe>
          </keyframes>
        </track>
        <track bone="thumb.02.L" >
          <keyframes >
            <keyframe time="0.0" >
              <translate z="0.000000" x="-0.000000" y="0.000001" />
              <rotate angle="0.000000" >
                <axis z="0.000000" x="0.000000" y="-0.000000" />
              </rotate>
              <scale z="1.000000" x="1.000000" y="1.000000" />
            </keyframe>
            <keyframe time="0.041666666666666664" >
              <translate z="0.000000" x="-0.000000" y="0.000001" />
              <rotate angle="0.000000" >
                <axis z="0.000000" x="0.000000" y="-0.000000" />
              </rotate>
              <scale z="1.000000" x="1.000000" y="1.000000" />
            </keyframe>
          </keyframes>
        </track>
        <track bone="thumb.03.L" >
          <keyframes >
            <keyframe time="0.0" >
              <translate z="0.000000" x="-0.000000" y="0.000000" />
              <rotate angle="0.000000" >
                <axis z="-0.000000" x="-0.000000" y="-0.000000" />
              </rotate>
              <scale z="1.000000" x="1.000000" y="1.000000" />
            </keyframe>
            <keyframe time="0.041666666666666664" >
              <translate z="0.000000" x="-0.000000" y="0.000000" />
              <rotate angle="0.000000" >
                <axis z="-0.000000" x="-0.000000" y="-0.000000" />
              </rotate>
              <scale z="1.000000" x="1.000000" y="1.000000" />
            </keyframe>
          </keyframes>
        </track>
        <track bone="clavicle.R" >
          <keyframes >
            <keyframe time="0.0" >
              <translate z="0.000000" x="0.000000" y="0.000000" />
              <rotate angle="0.000000" >
                <axis z="-0.000000" x="0.000000" y="-0.000000" />
              </rotate>
              <scale z="1.000000" x="1.000000" y="1.000000" />
            </keyframe>
            <keyframe time="0.041666666666666664" >
              <translate z="0.000000" x="0.000000" y="0.000000" />
              <rotate angle="0.000000" >
                <axis z="-0.000000" x="0.000000" y="-0.000000" />
              </rotate>
              <scale z="1.000000" x="1.000000" y="1.000000" />
            </keyframe>
          </keyframes>
        </track>
        <track bone="deltoid.R" >
          <keyframes >
            <keyframe time="0.0" >
              <translate z="0.000000" x="0.000000" y="0.000000" />
              <rotate angle="0.000000" >
                <axis z="-0.000000" x="0.000000" y="-0.000000" />
              </rotate>
              <scale z="1.000000" x="1.000000" y="1.000000" />
            </keyframe>
            <keyframe time="0.041666666666666664" >
              <translate z="0.000000" x="0.000000" y="0.000000" />
              <rotate angle="0.000000" >
                <axis z="-0.000000" x="0.000000" y="-0.000000" />
              </rotate>
              <scale z="1.000000" x="1.000000" y="1.000000" />
            </keyframe>
          </keyframes>
        </track>
        <track bone="upper_arm.R" >
          <keyframes >
            <keyframe time="0.0" >
              <translate z="0.000000" x="0.000000" y="0.000000" />
              <rotate angle="0.000000" >
                <axis z="0.000000" x="0.000000" y="-0.000000" />
              </rotate>
              <scale z="1.000000" x="1.000000" y="1.000000" />
            </keyframe>
            <keyframe time="0.041666666666666664" >
              <translate z="0.000000" x="0.000000" y="0.000000" />
              <rotate angle="0.000000" >
                <axis z="0.000000" x="0.000000" y="-0.000000" />
              </rotate>
              <scale z="1.000000" x="1.000000" y="1.000000" />
            </keyframe>
          </keyframes>
        </track>
        <track bone="forearm.R" >
          <keyframes >
            <keyframe time="0.0" >
              <translate z="0.000000" x="0.000001" y="-0.000000" />
              <rotate angle="0.000000" >
                <axis z="0.000000" x="0.000000" y="0.000000" />
              </rotate>
              <scale z="1.000000" x="1.000000" y="1.000000" />
            </keyframe>
            <keyframe time="0.041666666666666664" >
              <translate z="0.000000" x="0.000001" y="-0.000000" />
              <rotate angle="0.000000" >
                <axis z="0.000000" x="0.000000" y="0.000000" />
              </rotate>
              <scale z="1.000000" x="1.000000" y="1.000000" />
            </keyframe>
          </keyframes>
        </track>
        <track bone="clavicle.L" >
          <keyframes >
            <keyframe time="0.0" >
              <translate z="0.000000" x="0.000000" y="0.000000" />
              <rotate angle="0.000000" >
                <axis z="0.000000" x="0.000000" y="0.000000" />
              </rotate>
              <scale z="1.000000" x="1.000000" y="1.000000" />
            </keyframe>
            <keyframe time="0.041666666666666664" >
              <translate z="0.000000" x="0.000000" y="0.000000" />
              <rotate angle="0.000000" >
                <axis z="0.000000" x="0.000000" y="0.000000" />
              </rotate>
              <scale z="1.000000" x="1.000000" y="1.000000" />
            </keyframe>
          </keyframes>
        </track>
        <track bone="deltoid.L" >
          <keyframes >
            <keyframe time="0.0" >
              <translate z="-0.000000" x="-0.000000" y="0.000000" />
              <rotate angle="0.000000" >
                <axis z="0.000000" x="-0.000000" y="0.000000" />
              </rotate>
              <scale z="1.000000" x="1.000000" y="1.000000" />
            </keyframe>
            <keyframe time="0.041666666666666664" >
              <translate z="-0.000000" x="-0.000000" y="0.000000" />
              <rotate angle="0.000000" >
                <axis z="0.000000" x="-0.000000" y="0.000000" />
              </rotate>
              <scale z="1.000000" x="1.000000" y="1.000000" />
            </keyframe>
          </keyframes>
        </track>
        <track bone="upper_arm.L" >
          <keyframes >
            <keyframe time="0.0" >
              <translate z="0.000000" x="-0.000000" y="-0.000000" />
              <rotate angle="0.000000" >
                <axis z="-0.000000" x="0.000000" y="0.000000" />
              </rotate>
              <scale z="1.000000" x="1.000000" y="1.000000" />
            </keyframe>
            <keyframe time="0.041666666666666664" >
              <translate z="0.000000" x="-0.000000" y="-0.000000" />
              <rotate angle="0.000000" >
                <axis z="-0.000000" x="0.000000" y="0.000000" />
              </rotate>
              <scale z="1.000000" x="1.000000" y="1.000000" />
            </keyframe>
          </keyframes>
        </track>
        <track bone="forearm.L" >
          <keyframes >
            <keyframe time="0.0" >
              <translate z="0.000000" x="-0.000001" y="0.000000" />
              <rotate angle="0.000000" >
                <axis z="-0.000000" x="0.000000" y="-0.000000" />
              </rotate>
              <scale z="1.000000" x="1.000000" y="1.000000" />
            </keyframe>
            <keyframe time="0.041666666666666664" >
              <translate z="0.000000" x="-0.000001" y="0.000000" />
              <rotate angle="0.000000" >
                <axis z="-0.000000" x="0.000000" y="-0.000000" />
              </rotate>
              <scale z="1.000000" x="1.000000" y="1.000000" />
            </keyframe>
          </keyframes>
        </track>
      </tracks>
    </animation>
  </animations>
</skeleton>